-- ========================================
-- WorkBoard: Oracle DB Table Design
-- 근태/연차 관리 시스템 데이터베이스 설계
-- Last Updated: 2026-05-15
-- ========================================

-- 1. 코드 테이블 (Code Tables)
-- ========================================

-- 1-1. 직급 코드 테이블
CREATE TABLE TB_POSITION_CODE (
  POSITION_CODE  VARCHAR2(10)  PRIMARY KEY,
  POSITION_NAME  VARCHAR2(50)  NOT NULL,
  DISPLAY_ORDER  NUMBER(3)     NOT NULL,
  USE_YN         VARCHAR2(1)   DEFAULT 'Y' NOT NULL,
  CREATED_AT     TIMESTAMP     DEFAULT SYSTIMESTAMP NOT NULL,
  UPDATED_AT     TIMESTAMP     DEFAULT SYSTIMESTAMP NOT NULL,
  CONSTRAINT CK_POSITION_USE_YN CHECK (USE_YN IN ('Y', 'N'))
);

INSERT INTO TB_POSITION_CODE VALUES ('L1', 'Junior',  1, 'Y', SYSTIMESTAMP, SYSTIMESTAMP);
INSERT INTO TB_POSITION_CODE VALUES ('L2', 'Middle',  2, 'Y', SYSTIMESTAMP, SYSTIMESTAMP);
INSERT INTO TB_POSITION_CODE VALUES ('L3', 'Senior',  3, 'Y', SYSTIMESTAMP, SYSTIMESTAMP);
INSERT INTO TB_POSITION_CODE VALUES ('L4', 'Manager', 4, 'Y', SYSTIMESTAMP, SYSTIMESTAMP);


-- 1-2. 부서 코드 테이블
--   GROUP_NAME: 그룹명 (경영지원그룹 / 카지노오퍼레이션그룹)
--   DEPARTMENT_CODE: D001~D005 — 접근 제어 비교 기준
CREATE TABLE TB_DEPARTMENT_CODE (
  DEPARTMENT_CODE  VARCHAR2(10)  PRIMARY KEY,
  DEPARTMENT_NAME  VARCHAR2(100) NOT NULL,
  GROUP_NAME       VARCHAR2(100) NOT NULL,
  DISPLAY_ORDER    NUMBER(3)     NOT NULL,
  USE_YN           VARCHAR2(1)   DEFAULT 'Y' NOT NULL,
  CREATED_AT       TIMESTAMP     DEFAULT SYSTIMESTAMP NOT NULL,
  UPDATED_AT       TIMESTAMP     DEFAULT SYSTIMESTAMP NOT NULL,
  CONSTRAINT CK_DEPT_USE_YN CHECK (USE_YN IN ('Y', 'N'))
);

INSERT INTO TB_DEPARTMENT_CODE VALUES ('D001', 'IT팀',           '경영지원그룹',         1, 'Y', SYSTIMESTAMP, SYSTIMESTAMP);
INSERT INTO TB_DEPARTMENT_CODE VALUES ('D002', '테이블게임팀',   '카지노오퍼레이션그룹', 2, 'Y', SYSTIMESTAMP, SYSTIMESTAMP);
INSERT INTO TB_DEPARTMENT_CODE VALUES ('D003', '전자게임팀',     '카지노오퍼레이션그룹', 3, 'Y', SYSTIMESTAMP, SYSTIMESTAMP);
INSERT INTO TB_DEPARTMENT_CODE VALUES ('D004', '오퍼레이션지원팀', '카지노오퍼레이션그룹', 4, 'Y', SYSTIMESTAMP, SYSTIMESTAMP);
INSERT INTO TB_DEPARTMENT_CODE VALUES ('D005', '카지노CS팀',     '카지노오퍼레이션그룹', 5, 'Y', SYSTIMESTAMP, SYSTIMESTAMP);


-- 1-3. 연차 신청 상태 코드 테이블
CREATE TABLE TB_LEAVE_STATUS_CODE (
  LEAVE_STATUS_CODE  VARCHAR2(20)  PRIMARY KEY,
  LEAVE_STATUS_NAME  VARCHAR2(50)  NOT NULL,
  DISPLAY_ORDER      NUMBER(3)     NOT NULL,
  USE_YN             VARCHAR2(1)   DEFAULT 'Y' NOT NULL,
  CREATED_AT         TIMESTAMP     DEFAULT SYSTIMESTAMP NOT NULL,
  UPDATED_AT         TIMESTAMP     DEFAULT SYSTIMESTAMP NOT NULL,
  CONSTRAINT CK_LEAVE_STATUS_USE_YN CHECK (USE_YN IN ('Y', 'N'))
);

INSERT INTO TB_LEAVE_STATUS_CODE VALUES ('PENDING',  '검토중', 1, 'Y', SYSTIMESTAMP, SYSTIMESTAMP);
INSERT INTO TB_LEAVE_STATUS_CODE VALUES ('APPROVED', '승인',   2, 'Y', SYSTIMESTAMP, SYSTIMESTAMP);
INSERT INTO TB_LEAVE_STATUS_CODE VALUES ('REJECTED', '반려',   3, 'Y', SYSTIMESTAMP, SYSTIMESTAMP);


-- 1-4. 근태 상태 코드 테이블
--   WORKING: 출근 중 (출근 기록 있음, 퇴근 전) — 앱에서 파생 상태로 사용
CREATE TABLE TB_ATTENDANCE_STATUS_CODE (
  ATTENDANCE_STATUS_CODE  VARCHAR2(20)  PRIMARY KEY,
  ATTENDANCE_STATUS_NAME  VARCHAR2(50)  NOT NULL,
  DISPLAY_ORDER           NUMBER(3)     NOT NULL,
  USE_YN                  VARCHAR2(1)   DEFAULT 'Y' NOT NULL,
  CREATED_AT              TIMESTAMP     DEFAULT SYSTIMESTAMP NOT NULL,
  UPDATED_AT              TIMESTAMP     DEFAULT SYSTIMESTAMP NOT NULL,
  CONSTRAINT CK_ATTEND_STATUS_USE_YN CHECK (USE_YN IN ('Y', 'N'))
);

INSERT INTO TB_ATTENDANCE_STATUS_CODE VALUES ('PRESENT', '출근',   1, 'Y', SYSTIMESTAMP, SYSTIMESTAMP);
INSERT INTO TB_ATTENDANCE_STATUS_CODE VALUES ('WORKING', '출근중', 2, 'Y', SYSTIMESTAMP, SYSTIMESTAMP);
INSERT INTO TB_ATTENDANCE_STATUS_CODE VALUES ('ABSENT',  '결근',   3, 'Y', SYSTIMESTAMP, SYSTIMESTAMP);
INSERT INTO TB_ATTENDANCE_STATUS_CODE VALUES ('LEAVE',   '휴가',   4, 'Y', SYSTIMESTAMP, SYSTIMESTAMP);
INSERT INTO TB_ATTENDANCE_STATUS_CODE VALUES ('HOLIDAY', '공휴일', 5, 'Y', SYSTIMESTAMP, SYSTIMESTAMP);


-- 2. 마스터 테이블 (Master Tables)
-- ========================================

-- 2-1. 사용자 테이블
--   DEPARTMENT_CODE: D001~D005 (TB_DEPARTMENT_CODE FK) — 접근 제어 비교 기준
--   GROUP_NAME은 TB_DEPARTMENT_CODE.GROUP_NAME 조인으로 조회
CREATE TABLE TB_USERS (
  USER_ID           VARCHAR2(50)   PRIMARY KEY,
  EMPLOYEE_NO       VARCHAR2(20)   NOT NULL UNIQUE,
  USER_NAME         VARCHAR2(100)  NOT NULL,
  DEPARTMENT_CODE   VARCHAR2(10)   NOT NULL,
  POSITION_CODE     VARCHAR2(10)   NOT NULL,
  EMAIL             VARCHAR2(100)  NOT NULL UNIQUE,
  TOTAL_LEAVE_DAYS  NUMBER(3)      DEFAULT 15 NOT NULL,
  STATUS            VARCHAR2(1)    DEFAULT 'A' NOT NULL,
  CREATED_AT        TIMESTAMP      DEFAULT SYSTIMESTAMP NOT NULL,
  UPDATED_AT        TIMESTAMP      DEFAULT SYSTIMESTAMP NOT NULL,
  CONSTRAINT FK_USERS_DEPT     FOREIGN KEY (DEPARTMENT_CODE) REFERENCES TB_DEPARTMENT_CODE(DEPARTMENT_CODE),
  CONSTRAINT FK_USERS_POSITION FOREIGN KEY (POSITION_CODE)  REFERENCES TB_POSITION_CODE(POSITION_CODE),
  CONSTRAINT CK_USERS_STATUS   CHECK (STATUS IN ('A', 'I', 'D'))  -- A: Active, I: Inactive, D: Deleted
);

CREATE INDEX IDX_USERS_EMPLOYEE_NO ON TB_USERS(EMPLOYEE_NO);
CREATE INDEX IDX_USERS_EMAIL       ON TB_USERS(EMAIL);
CREATE INDEX IDX_USERS_DEPT        ON TB_USERS(DEPARTMENT_CODE);
CREATE INDEX IDX_USERS_POSITION    ON TB_USERS(POSITION_CODE);


-- 2-2. 로그인 계정 테이블 (TB_USERS 와 1:1 관계)
CREATE TABLE TB_LOGIN_ACCOUNTS (
  LOGIN_ACCOUNT_ID  VARCHAR2(50)   PRIMARY KEY,
  USER_ID           VARCHAR2(50)   NOT NULL UNIQUE,
  EMAIL             VARCHAR2(100)  NOT NULL UNIQUE,
  PASSWORD_HASH     VARCHAR2(500)  NOT NULL,
  LAST_LOGIN_AT     TIMESTAMP,
  LOGIN_ATTEMPT_CNT NUMBER(3)      DEFAULT 0,
  LOCKED_YN         VARCHAR2(1)    DEFAULT 'N' NOT NULL,
  CREATED_AT        TIMESTAMP      DEFAULT SYSTIMESTAMP NOT NULL,
  UPDATED_AT        TIMESTAMP      DEFAULT SYSTIMESTAMP NOT NULL,
  CONSTRAINT FK_LOGIN_ACCOUNTS_USER FOREIGN KEY (USER_ID) REFERENCES TB_USERS(USER_ID),
  CONSTRAINT CK_LOGIN_LOCKED_YN     CHECK (LOCKED_YN IN ('Y', 'N'))
);

CREATE INDEX IDX_LOGIN_ACCOUNTS_USER  ON TB_LOGIN_ACCOUNTS(USER_ID);
CREATE INDEX IDX_LOGIN_ACCOUNTS_EMAIL ON TB_LOGIN_ACCOUNTS(EMAIL);


-- 3. 거래 테이블 (Transaction Tables)
-- ========================================

-- 3-1. 연차 신청 테이블
--   APPROVAL_USER_ID: 승인/반려 처리한 L4 사용자 ID
--   REJECTION_REASON: 반려 사유 (REJECTED 상태일 때 사용)
CREATE TABLE TB_LEAVE_REQUESTS (
  LEAVE_REQUEST_ID   VARCHAR2(50)   PRIMARY KEY,
  USER_ID            VARCHAR2(50)   NOT NULL,
  START_DATE         DATE           NOT NULL,
  END_DATE           DATE           NOT NULL,
  LEAVE_REASON       VARCHAR2(500)  NOT NULL,
  LEAVE_STATUS_CODE  VARCHAR2(20)   DEFAULT 'PENDING' NOT NULL,
  APPROVAL_USER_ID   VARCHAR2(50),
  APPROVED_AT        TIMESTAMP,
  REJECTION_REASON   VARCHAR2(500),
  CREATED_AT         TIMESTAMP      DEFAULT SYSTIMESTAMP NOT NULL,
  UPDATED_AT         TIMESTAMP      DEFAULT SYSTIMESTAMP NOT NULL,
  CONSTRAINT FK_LEAVE_REQUESTS_USER          FOREIGN KEY (USER_ID)          REFERENCES TB_USERS(USER_ID),
  CONSTRAINT FK_LEAVE_REQUESTS_APPROVAL_USER FOREIGN KEY (APPROVAL_USER_ID) REFERENCES TB_USERS(USER_ID),
  CONSTRAINT FK_LEAVE_REQUESTS_STATUS        FOREIGN KEY (LEAVE_STATUS_CODE) REFERENCES TB_LEAVE_STATUS_CODE(LEAVE_STATUS_CODE),
  CONSTRAINT CK_LEAVE_DATES CHECK (END_DATE >= START_DATE)
);

CREATE INDEX IDX_LEAVE_REQUESTS_USER          ON TB_LEAVE_REQUESTS(USER_ID);
CREATE INDEX IDX_LEAVE_REQUESTS_STATUS        ON TB_LEAVE_REQUESTS(LEAVE_STATUS_CODE);
CREATE INDEX IDX_LEAVE_REQUESTS_DATES         ON TB_LEAVE_REQUESTS(START_DATE, END_DATE);
CREATE INDEX IDX_LEAVE_REQUESTS_APPROVAL_USER ON TB_LEAVE_REQUESTS(APPROVAL_USER_ID);


-- 3-2. 근태 기록 테이블
--   CHECK_IN_TIME / CHECK_OUT_TIME: HH:mm 형식 문자열
--   ATTENDANCE_STATUS: PRESENT(퇴근 완료) / WORKING(출근 중, 퇴근 전) / ABSENT / LEAVE / HOLIDAY
CREATE TABLE TB_ATTENDANCE_RECORDS (
  ATTENDANCE_RECORD_ID  VARCHAR2(50)   PRIMARY KEY,
  USER_ID               VARCHAR2(50)   NOT NULL,
  ATTENDANCE_DATE       DATE           NOT NULL,
  CHECK_IN_TIME         VARCHAR2(5),
  CHECK_OUT_TIME        VARCHAR2(5),
  ATTENDANCE_STATUS     VARCHAR2(20)   DEFAULT 'PRESENT' NOT NULL,
  REMARKS               VARCHAR2(500),
  CREATED_AT            TIMESTAMP      DEFAULT SYSTIMESTAMP NOT NULL,
  UPDATED_AT            TIMESTAMP      DEFAULT SYSTIMESTAMP NOT NULL,
  CONSTRAINT FK_ATTENDANCE_USER   FOREIGN KEY (USER_ID)           REFERENCES TB_USERS(USER_ID),
  CONSTRAINT FK_ATTENDANCE_STATUS FOREIGN KEY (ATTENDANCE_STATUS) REFERENCES TB_ATTENDANCE_STATUS_CODE(ATTENDANCE_STATUS_CODE),
  CONSTRAINT UQ_ATTENDANCE_UNIQUE UNIQUE (USER_ID, ATTENDANCE_DATE)
);

CREATE INDEX IDX_ATTENDANCE_USER   ON TB_ATTENDANCE_RECORDS(USER_ID);
CREATE INDEX IDX_ATTENDANCE_DATE   ON TB_ATTENDANCE_RECORDS(ATTENDANCE_DATE);
CREATE INDEX IDX_ATTENDANCE_STATUS ON TB_ATTENDANCE_RECORDS(ATTENDANCE_STATUS);


-- 4. 뷰 (Views)
-- ========================================

-- 4-1. 사용자 연차 현황 뷰 (당해 연도 기준)
CREATE OR REPLACE VIEW VW_USER_LEAVE_SUMMARY AS
SELECT
  U.USER_ID,
  U.EMPLOYEE_NO,
  U.USER_NAME,
  U.DEPARTMENT_CODE,
  D.DEPARTMENT_NAME,
  D.GROUP_NAME,
  U.POSITION_CODE,
  U.TOTAL_LEAVE_DAYS,
  NVL(SUM(CASE WHEN LR.LEAVE_STATUS_CODE = 'APPROVED'
               THEN (LR.END_DATE - LR.START_DATE + 1)
               ELSE 0 END), 0) AS USED_LEAVE_DAYS,
  (U.TOTAL_LEAVE_DAYS - NVL(SUM(CASE WHEN LR.LEAVE_STATUS_CODE = 'APPROVED'
                                      THEN (LR.END_DATE - LR.START_DATE + 1)
                                      ELSE 0 END), 0)) AS REMAINING_LEAVE_DAYS
FROM TB_USERS U
JOIN TB_DEPARTMENT_CODE D ON U.DEPARTMENT_CODE = D.DEPARTMENT_CODE
LEFT JOIN TB_LEAVE_REQUESTS LR
  ON U.USER_ID = LR.USER_ID
  AND EXTRACT(YEAR FROM LR.START_DATE) = EXTRACT(YEAR FROM SYSDATE)
WHERE U.STATUS = 'A'
GROUP BY U.USER_ID, U.EMPLOYEE_NO, U.USER_NAME,
         U.DEPARTMENT_CODE, D.DEPARTMENT_NAME, D.GROUP_NAME,
         U.POSITION_CODE, U.TOTAL_LEAVE_DAYS;


-- 4-2. 날짜별 팀원 휴가 현황 뷰 (달력용 — 승인된 연차만)
--   각 연차 기간을 날짜별로 전개 (Oracle CONNECT BY 활용)
CREATE OR REPLACE VIEW VW_TEAM_LEAVE_BY_DATE AS
SELECT
  LR.START_DATE + LEVEL - 1     AS LEAVE_DATE,
  U.USER_ID,
  U.EMPLOYEE_NO,
  U.USER_NAME,
  U.DEPARTMENT_CODE,
  D.DEPARTMENT_NAME,
  D.GROUP_NAME
FROM TB_LEAVE_REQUESTS LR
JOIN TB_USERS U         ON LR.USER_ID        = U.USER_ID
JOIN TB_DEPARTMENT_CODE D ON U.DEPARTMENT_CODE = D.DEPARTMENT_CODE
WHERE LR.LEAVE_STATUS_CODE = 'APPROVED'
  AND U.STATUS = 'A'
CONNECT BY LEVEL <= (LR.END_DATE - LR.START_DATE + 1)
       AND PRIOR LR.LEAVE_REQUEST_ID = LR.LEAVE_REQUEST_ID
       AND PRIOR SYS_GUID() IS NOT NULL
ORDER BY LEAVE_DATE, U.USER_ID;


-- 5. 시퀀스 (Sequences)
-- ========================================

CREATE SEQUENCE SEQ_LEAVE_REQUEST_ID   START WITH 1000 INCREMENT BY 1;
CREATE SEQUENCE SEQ_ATTENDANCE_RECORD_ID START WITH 1000 INCREMENT BY 1;
CREATE SEQUENCE SEQ_LOGIN_ACCOUNT_ID   START WITH 1000 INCREMENT BY 1;


-- 6. 샘플 데이터 (Sample Data)
-- ========================================
-- 전체 50명 데이터는 workboard-backend/src/data/users.js 참고
-- 아래는 부서별 L4(승인권자) + 대표 사용자만 포함

-- 6-1. 사용자 샘플 (IT팀 전체 10명)
INSERT INTO TB_USERS VALUES ('1',  '2020001', '이정호', 'D001', 'L2', 'jeongho.l@workboard.com',    15, 'A', SYSTIMESTAMP, SYSTIMESTAMP);
INSERT INTO TB_USERS VALUES ('2',  '2021002', '김민준', 'D001', 'L2', 'minjun.kim@workboard.com',   15, 'A', SYSTIMESTAMP, SYSTIMESTAMP);
INSERT INTO TB_USERS VALUES ('3',  '2023003', '이서준', 'D001', 'L1', 'seojun.lee@workboard.com',   15, 'A', SYSTIMESTAMP, SYSTIMESTAMP);
INSERT INTO TB_USERS VALUES ('4',  '2022004', '박지훈', 'D001', 'L2', 'jihun.park@workboard.com',   15, 'A', SYSTIMESTAMP, SYSTIMESTAMP);
INSERT INTO TB_USERS VALUES ('5',  '2024005', '최도윤', 'D001', 'L1', 'doyun.choi@workboard.com',   15, 'A', SYSTIMESTAMP, SYSTIMESTAMP);
INSERT INTO TB_USERS VALUES ('6',  '2018006', '김봉균', 'D001', 'L4', 'goodman@workboard.com',      16, 'A', SYSTIMESTAMP, SYSTIMESTAMP);
INSERT INTO TB_USERS VALUES ('7',  '2019007', '강민서', 'D001', 'L3', 'minseo.kang@workboard.com',  15, 'A', SYSTIMESTAMP, SYSTIMESTAMP);
INSERT INTO TB_USERS VALUES ('8',  '2021008', '윤서연', 'D001', 'L2', 'seoyeon.yoon@workboard.com', 15, 'A', SYSTIMESTAMP, SYSTIMESTAMP);
INSERT INTO TB_USERS VALUES ('9',  '2023009', '장예준', 'D001', 'L1', 'yejun.jang@workboard.com',   17, 'A', SYSTIMESTAMP, SYSTIMESTAMP);
INSERT INTO TB_USERS VALUES ('10', '2024010', '한지우', 'D001', 'L1', 'jiwoo.han@workboard.com',    15, 'A', SYSTIMESTAMP, SYSTIMESTAMP);

-- 타 부서 L4 승인권자 (부서별 1명씩)
INSERT INTO TB_USERS VALUES ('15', '2017015', '정민하', 'D002', 'L4', 'minha.j@workboard.com',      16, 'A', SYSTIMESTAMP, SYSTIMESTAMP);
INSERT INTO TB_USERS VALUES ('21', '2018021', '임채원', 'D003', 'L4', 'chaewon.lim@workboard.com',  16, 'A', SYSTIMESTAMP, SYSTIMESTAMP);
INSERT INTO TB_USERS VALUES ('31', '2017031', '고미래', 'D004', 'L4', 'mirae.ko@workboard.com',     16, 'A', SYSTIMESTAMP, SYSTIMESTAMP);
INSERT INTO TB_USERS VALUES ('41', '2017041', '탁현준', 'D005', 'L4', 'hyunjun.tak@workboard.com',  16, 'A', SYSTIMESTAMP, SYSTIMESTAMP);


-- 6-2. 로그인 계정 샘플 (MVP: 비밀번호 평문 '1234' → 실제 운영 시 bcrypt 해싱 필수)
INSERT INTO TB_LOGIN_ACCOUNTS (LOGIN_ACCOUNT_ID, USER_ID, EMAIL, PASSWORD_HASH)
VALUES ('LA001', '1',  'jeongho.l@workboard.com',   'TODO:BCRYPT_HASH_OF_1234');
INSERT INTO TB_LOGIN_ACCOUNTS (LOGIN_ACCOUNT_ID, USER_ID, EMAIL, PASSWORD_HASH)
VALUES ('LA006', '6',  'goodman@workboard.com',      'TODO:BCRYPT_HASH_OF_1234');
INSERT INTO TB_LOGIN_ACCOUNTS (LOGIN_ACCOUNT_ID, USER_ID, EMAIL, PASSWORD_HASH)
VALUES ('LA015', '15', 'minha.j@workboard.com',      'TODO:BCRYPT_HASH_OF_1234');
INSERT INTO TB_LOGIN_ACCOUNTS (LOGIN_ACCOUNT_ID, USER_ID, EMAIL, PASSWORD_HASH)
VALUES ('LA021', '21', 'chaewon.lim@workboard.com',  'TODO:BCRYPT_HASH_OF_1234');
INSERT INTO TB_LOGIN_ACCOUNTS (LOGIN_ACCOUNT_ID, USER_ID, EMAIL, PASSWORD_HASH)
VALUES ('LA031', '31', 'mirae.ko@workboard.com',     'TODO:BCRYPT_HASH_OF_1234');
INSERT INTO TB_LOGIN_ACCOUNTS (LOGIN_ACCOUNT_ID, USER_ID, EMAIL, PASSWORD_HASH)
VALUES ('LA041', '41', 'hyunjun.tak@workboard.com',  'TODO:BCRYPT_HASH_OF_1234');


-- 6-3. 연차 신청 샘플 (IT팀 주요 데이터)
INSERT INTO TB_LEAVE_REQUESTS (LEAVE_REQUEST_ID, USER_ID, START_DATE, END_DATE, LEAVE_REASON, LEAVE_STATUS_CODE, CREATED_AT)
VALUES ('1', '1', TO_DATE('2026-04-21','YYYY-MM-DD'), TO_DATE('2026-04-21','YYYY-MM-DD'), '병원 방문', 'APPROVED', SYSTIMESTAMP);
INSERT INTO TB_LEAVE_REQUESTS (LEAVE_REQUEST_ID, USER_ID, START_DATE, END_DATE, LEAVE_REASON, LEAVE_STATUS_CODE, CREATED_AT)
VALUES ('2', '1', TO_DATE('2026-05-27','YYYY-MM-DD'), TO_DATE('2026-05-27','YYYY-MM-DD'), '개인 사정', 'PENDING',  SYSTIMESTAMP);
INSERT INTO TB_LEAVE_REQUESTS (LEAVE_REQUEST_ID, USER_ID, START_DATE, END_DATE, LEAVE_REASON, LEAVE_STATUS_CODE, CREATED_AT)
VALUES ('3', '2', TO_DATE('2026-05-07','YYYY-MM-DD'), TO_DATE('2026-05-08','YYYY-MM-DD'), '가족 행사', 'APPROVED', SYSTIMESTAMP);
INSERT INTO TB_LEAVE_REQUESTS (LEAVE_REQUEST_ID, USER_ID, START_DATE, END_DATE, LEAVE_REASON, LEAVE_STATUS_CODE, CREATED_AT)
VALUES ('4', '3', TO_DATE('2026-05-12','YYYY-MM-DD'), TO_DATE('2026-05-12','YYYY-MM-DD'), '개인 사정', 'APPROVED', SYSTIMESTAMP);
INSERT INTO TB_LEAVE_REQUESTS (LEAVE_REQUEST_ID, USER_ID, START_DATE, END_DATE, LEAVE_REASON, LEAVE_STATUS_CODE, CREATED_AT)
VALUES ('7', '6', TO_DATE('2026-05-20','YYYY-MM-DD'), TO_DATE('2026-05-22','YYYY-MM-DD'), '여행',      'PENDING',  SYSTIMESTAMP);


-- ========================================
-- 설계 원칙 및 참고사항
-- ========================================
-- 1. 부서 접근 제어: DEPARTMENT_CODE (D001~D005) 값으로만 비교 — DEPARTMENT_NAME 문자열 비교 금지
-- 2. L4 권한: POSITION_CODE = 'L4' 인 사용자만 GET /api/leaves/pending, PATCH /api/leaves/:id/status 가능
-- 3. 연차 상태 전이: PENDING → APPROVED or REJECTED (직접 APPROVED 생성 불가)
-- 4. WORKING 상태: CHECK_IN_TIME 있고 CHECK_OUT_TIME 없는 당일 레코드 — API 응답 시 파생 처리
-- 5. Soft Delete: TB_USERS.STATUS = 'D' 로 논리 삭제 (물리 삭제 없음)
-- 6. 비밀번호: 반드시 bcrypt 또는 PBKDF2 해싱 후 저장
-- 7. 전체 50명 사용자 INSERT: workboard-backend/src/data/users.js 의 데이터를 변환하여 사용
